category,field,fit_id,id_status,notes
Popular,Distance,6,Verified on device,
Popular,Timer,56,Verified on device,
Popular,Elapsed Time,55,Verified on device,
Popular,Lap Time,58,Verified on device,
Popular,Speed,48,Verified on device,
Popular,Avg Speed,49,Verified on device,
Popular,Elevation,9,Verified on device,
Popular,Grade,11,Verified on device,
Popular,Total Ascent,60,Verified on device,
Popular,Time of Day,59,Verified on device,
Popular,Cadence,3,Verified on device,
Popular,Avg Cadence,4,Verified on device,
Popular,Lap Cadence,5,Verified on device,
Popular,Heart Rate,13,Verified on device,
Popular,Avg Heart Rate,14,Verified on device,
Popular,Lap Heart Rate,15,Verified on device,
Popular,%Max Heart Rate,16,Verified on device,
Popular,Power,36,Not verified yet,
Popular,Avg Power,37,Not verified yet,
Popular,3s Power,79,Not verified yet,
Popular,10s Power,146,Not verified yet,
Popular,Lap Power,39,Not verified yet,
Popular,Normalized Power,81,Not verified yet,
Speed,Speed,48,Verified on device,
Speed,Avg Speed,49,Verified on device,
Speed,Lap Speed,50,Verified on device,
Speed,Last Lap Speed,86,Verified on device,
Speed,Max Speed,91,Verified on device,
Distance,Distance,6,Verified on device,
Distance,Lap Distance,7,Verified on device,
Distance,Last Lap Distance,84,Verified on device,
Distance,Distance Ahead,62,Verified on device,
Distance,Odometer,95,Verified on device,
Timer,Timer,56,Verified on device,
Timer,Elapsed Time,55,Verified on device,
Timer,Lap Time,58,Verified on device,
Timer,Avg Lap Time,57,Verified on device,
Timer,Last Lap Time,87,Verified on device,
Timer,Time Ahead,63,Verified on device,
Elevation,Elevation,9,Verified on device,
Elevation,Grade,11,Verified on device,
Elevation,Total Ascent,60,Verified on device,
Elevation,Total Descent,61,Verified on device,
Elevation,VAM,77,Verified on device,
Elevation,30s VAM,88,Verified on device,
Elevation,Avg VAM,443,Verified on device,
Elevation,Lap VAM,442,Verified on device,
Elevation,Ascent Remaining,444,Verified on device,
Elevation,Ascent to Next Course Point,445,Verified on device,
Navigation,Distance to Destination,27,Verified on device,
Navigation,Time to Destination,28,Verified on device,
Navigation,ETA at Destination,93,Verified on device,
Navigation,Destination Location,31,Verified on device,
Navigation,Distance to Next,29,Verified on device,
Navigation,Time to Next,30,Verified on device,
Navigation,ETA at Next,94,Verified on device,
Navigation,Next Point Location,32,Verified on device,
Navigation,Ascent Remaining,444,Verified on device,
Navigation,Ascent to Next Course Point,445,Verified on device,
Navigation,Course Point Distance,2,Verified on device,
Navigation,Heading,12,Verified on device,
MTB Performance,Grit,486,Verified on device,
MTB Performance,Lap Grit,487,Verified on device,
MTB Performance,60s Grit,495,Verified on device,
MTB Performance,Flow,488,Verified on device,
MTB Performance,Lap Flow,489,Verified on device,
MTB Performance,60s Flow,497,Verified on device,
Graphical,Speed,48,Verified on device,
Graphical,Speed Bars,348,Verified on device,User reports numeric display in the 10-field layout; no bars rendered.
Graphical,Speed Graph,344,Verified on device,User reports numeric display in the 10-field layout; no graph rendered.
Graphical,Elevation Graph,368,Verified on device,User reports numeric display in the 10-field layout; no graph rendered.
Graphical,Cadence,3,Verified on device,
Graphical,Cadence Bars,349,Verified on device,User reports numeric display in the 10-field layout; no bars rendered.
Graphical,Cadence Graph,345,Verified on device,User reports numeric display in the 10-field layout; no graph rendered.
Graphical,Heart Rate,13,Verified on device,
Graphical,Heart Rate Bars,347,Verified on device,User reports numeric display in the 10-field layout; no bars rendered.
Graphical,Heart Rate Graph,343,Verified on device,User reports numeric display in the 10-field layout; no graph rendered.
Graphical,Power,36,Not verified yet,
Graphical,Power Bars,350,Not verified yet,
Graphical,Power Graph,346,Not verified yet,
Other,Laps,24,Verified on device,
Other,Battery Level,96,Verified on device,
Other,Calories,0,Verified on device,
Other,GPS Signal Strength,97,Verified on device,
Other,Time of Day,59,Verified on device,
Other,Performance Condition,320,Verified on device,
Other,Sunrise,53,Verified on device,
Other,Sunset,54,Verified on device,
Other,Temperature,78,Verified on device,
Cadence,Cadence,3,Verified on device,
Cadence,Avg Cadence,4,Verified on device,
Cadence,Lap Cadence,5,Verified on device,
Heart Rate,Heart Rate,13,Verified on device,
Heart Rate,Avg Heart Rate,14,Verified on device,
Heart Rate,Lap Heart Rate,15,Verified on device,
Heart Rate,Last Lap Heart Rate,165,Verified on device,
Heart Rate,%Max Heart Rate,16,Verified on device,
Heart Rate,Avg %Max Heart Rate,17,Verified on device,
Heart Rate,Lap %Max Heart Rate,18,Verified on device,
Heart Rate,%Heart Rate Reserve,19,Verified on device,
Heart Rate,Avg %HRR,20,Verified on device,
Heart Rate,Lap %HRR,,Not verified yet,
Heart Rate,Heart Rate Zone,22,Verified on device,
Heart Rate,Time in HR Zone 1,199,Verified on device,
Heart Rate,Time in HR Zone 2,200,Verified on device,
Heart Rate,Time in HR Zone 3,201,Verified on device,
Heart Rate,Time in HR Zone 4,202,Verified on device,
Heart Rate,Time in HR Zone 5,203,Verified on device,
Heart Rate,HR Zone Graph,23,Verified on device,
Heart Rate,Aerobic Training Effect,99,Verified on device,
Heart Rate,Anaerobic Training Effect,433,Verified on device,
Heart Rate,EPOC,478,Verified on device,
Heart Rate,Respiration Rate,452,Verified on device,
Power,Power,36,Not verified yet,
Power,Avg Power,37,Not verified yet,
Power,3s Power,79,Not verified yet,
Power,10s Power,146,Not verified yet,
Power,30s Power,80,Verified on device,
Power,Lap Power,39,Not verified yet,
Power,Last Lap Power,100,Verified on device,
Power,Max Power,40,Verified on device,
Power,Max Lap Power,41,Verified on device,
Power,Kilojoules,38,Verified on device,
Power,Watts/kg,98,Verified on device,
Power,Avg Watts/kg,437,Verified on device,
Power,3s Watts/kg,439,Verified on device,
Power,10s Watts/kg,440,Verified on device,
Power,30s Watts/kg,441,Verified on device,
Power,Lap Watts/kg,,Not verified yet,
Power,Power Zone,43,Not verified yet,
Power,Time in Power Zone 1,207,Not verified yet,
Power,Time in Power Zone 2,208,Not verified yet,
Power,Time in Power Zone 3,209,Not verified yet,
Power,Time in Power Zone 4,210,Not verified yet,
Power,Time in Power Zone 5,211,Not verified yet,
Power,Time in Power Zone 6,212,Not verified yet,
Power,Time in Power Zone 7,213,Not verified yet,
Power,Time in Power Zone 8,418,Not verified yet,
Power,Time in Power Zone 9,419,Not verified yet,
Power,Pedal Smoothness,176,Not verified yet,
Power,Torque Effectiveness,177,Not verified yet,
Power,Balance,149,Not verified yet,
Power,Avg Balance,150,Not verified yet,
Power,3s Balance,159,Not verified yet,
Power,10s Balance,160,Not verified yet,
Power,Lap Balance,151,Not verified yet,
Power,Intensity Factor,83,Not verified yet,
Power,TSS,82,Not verified yet,
Power,Normalized Power,81,Not verified yet,
Power,Lap NP,147,Not verified yet,
Power,Last Lap NP,148,Not verified yet,
Power,%FTP,42,Not verified yet,
Cycling Dynamics,Time Standing,257,Not verified yet,
Cycling Dynamics,Lap Time Standing,258,Not verified yet,
Cycling Dynamics,Time Seated,259,Not verified yet,
Cycling Dynamics,Lap Time Seated,260,Not verified yet,
Cycling Dynamics,Platform Center Offset (PCO),263,Not verified yet,
Cycling Dynamics,Avg PCO,264,Not verified yet,
Cycling Dynamics,Lap PCO,265,Not verified yet,
Cycling Dynamics,Right Power Phase,266,Not verified yet,
Cycling Dynamics,Avg Right Power Phase,267,Not verified yet,
Cycling Dynamics,Lap Right Power Phase,268,Not verified yet,
Cycling Dynamics,Right Peak Power Phase,269,Not verified yet,
Cycling Dynamics,Avg Right Peak Power Phase,270,Not verified yet,
Cycling Dynamics,Lap Right Peak Power Phase,271,Not verified yet,
Cycling Dynamics,Left Power Phase,272,Not verified yet,Completato per simmetria sulla base dell'indicazione 'ecc. per i left'
Cycling Dynamics,Avg Left Power Phase,273,Not verified yet,Completato per simmetria sulla base dell'indicazione 'ecc. per i left'
Cycling Dynamics,Lap Left Power Phase,274,Not verified yet,Completato per simmetria sulla base dell'indicazione 'ecc. per i left'
Cycling Dynamics,Left Peak Power Phase,275,Not verified yet,Completato per simmetria sulla base dell'indicazione 'ecc. per i left'
Cycling Dynamics,Avg Left Peak Power Phase,276,Not verified yet,Completato per simmetria sulla base dell'indicazione 'ecc. per i left'
Cycling Dynamics,Lap Left Peak Power Phase,277,Not verified yet,Completato per simmetria sulla base dell'indicazione 'ecc. per i left'
Gears,Gears,178,Verified on device,
Gears,Front Gear,179,Verified on device,
Gears,Rear Gear,180,Verified on device,
Gears,Gear Battery,181,Verified on device,
Gears,Gear Ratio,182,Verified on device,
Gears,Gear Combo,409,Verified on device,
Gears,Di2 Battery Level,408,Verified on device,
Gears,Di2 Shift Mode,411,Verified on device,
Lights,Battery Status,317,Verified on device,"On device shown as a single Light Battery icon, even with two batteries; Lights Connected reports 2."
Lights,Beam Angle Status,318,Verified on device,
Lights,Light Mode,319,Verified on device,
Lights,Lights Connected,316,Verified on device,On device reports 2 connected lights.
Workouts,Distance to Go,65,Verified on device,
Workouts,Time to Go,68,Verified on device,
Workouts,Reps to Go,67,Verified on device,
Workouts,Calories to Go,64,Verified on device,
Workouts,Heart Rate to Go,66,Verified on device,
Workouts,Workout Step,45,Verified on device,
Workouts,Workout Comparison,511,Verified on device,
Workouts,Duration,522,Verified on device,
Workouts,Step Time,523,Verified on device,
Workouts,Target,521,Verified on device,On device shows 0; the Target label is not visible.
Indoor Trainer,Trainer Mode Value,,Not verified yet,
eBike,Assist Mode,491,Not verified yet,
eBike,Shifting Advice,492,Not verified yet,
eBike,eBike Battery,493,Not verified yet,
eBike,Travel Range,494,Not verified yet,
